Ligand,Binding Affinity,rmsd/ub, rmsd/lb
6w4hpdbqt_Acebutololconf1,-6.8,0.0,0.0
6w4hpdbqt_Acebutololconf10,-6.7,0.0,0.0
6w4hpdbqt_Acebutololconf11,-6.9,0.0,0.0
6w4hpdbqt_Acebutololconf12,-7.1,0.0,0.0
6w4hpdbqt_Acebutololconf13,-6.8,0.0,0.0
6w4hpdbqt_Acebutololconf14,-7.1,0.0,0.0
6w4hpdbqt_Acebutololconf2,-7.2,0.0,0.0
6w4hpdbqt_Acebutololconf3,-7.0,0.0,0.0
6w4hpdbqt_Acebutololconf4,-6.1,0.0,0.0
6w4hpdbqt_Acebutololconf5,-6.9,0.0,0.0
6w4hpdbqt_Acebutololconf6,-6.8,0.0,0.0
6w4hpdbqt_Acebutololconf7,-6.7,0.0,0.0
6w4hpdbqt_Acebutololconf8,-6.9,0.0,0.0
6w4hpdbqt_Acebutololconf9,-6.8,0.0,0.0
6w4hpdbqt_Ademetionineconf1,-7.6,0.0,0.0
6w4hpdbqt_Ademetionineconf10,-7.1,0.0,0.0
6w4hpdbqt_Ademetionineconf11,-7.4,0.0,0.0
6w4hpdbqt_Ademetionineconf12,-7.4,0.0,0.0
6w4hpdbqt_Ademetionineconf13,-7.7,0.0,0.0
6w4hpdbqt_Ademetionineconf14,-7.2,0.0,0.0
6w4hpdbqt_Ademetionineconf15,-7.2,0.0,0.0
6w4hpdbqt_Ademetionineconf16,-7.5,0.0,0.0
6w4hpdbqt_Ademetionineconf17,-7.0,0.0,0.0
6w4hpdbqt_Ademetionineconf18,-7.3,0.0,0.0
6w4hpdbqt_Ademetionineconf19,-7.4,0.0,0.0
6w4hpdbqt_Ademetionineconf2,-7.0,0.0,0.0
6w4hpdbqt_Ademetionineconf20,-7.4,0.0,0.0
6w4hpdbqt_Ademetionineconf21,-7.0,0.0,0.0
6w4hpdbqt_Ademetionineconf22,-7.4,0.0,0.0
6w4hpdbqt_Ademetionineconf23,-7.8,0.0,0.0
6w4hpdbqt_Ademetionineconf24,-7.4,0.0,0.0
6w4hpdbqt_Ademetionineconf25,-7.1,0.0,0.0
6w4hpdbqt_Ademetionineconf3,-7.0,0.0,0.0
6w4hpdbqt_Ademetionineconf4,-7.2,0.0,0.0
6w4hpdbqt_Ademetionineconf5,-7.6,0.0,0.0
6w4hpdbqt_Ademetionineconf6,-7.6,0.0,0.0
6w4hpdbqt_Ademetionineconf7,-7.1,0.0,0.0
6w4hpdbqt_Ademetionineconf8,-7.2,0.0,0.0
6w4hpdbqt_Ademetionineconf9,-7.2,0.0,0.0
6w4hpdbqt_Apixabanconf1,-8.9,0.0,0.0
6w4hpdbqt_Apixabanconf2,-9.0,0.0,0.0
6w4hpdbqt_Apixabanconf3,-8.9,0.0,0.0
6w4hpdbqt_Arformoterolconf1,-8.0,0.0,0.0
6w4hpdbqt_Arformoterolconf10,-7.6,0.0,0.0
6w4hpdbqt_Arformoterolconf11,-8.2,0.0,0.0
6w4hpdbqt_Arformoterolconf12,-7.9,0.0,0.0
6w4hpdbqt_Arformoterolconf2,-7.8,0.0,0.0
6w4hpdbqt_Arformoterolconf3,-7.9,0.0,0.0
6w4hpdbqt_Arformoterolconf4,-8.2,0.0,0.0
6w4hpdbqt_Arformoterolconf5,-8.2,0.0,0.0
6w4hpdbqt_Arformoterolconf6,-7.9,0.0,0.0
6w4hpdbqt_Arformoterolconf7,-8.0,0.0,0.0
6w4hpdbqt_Arformoterolconf8,-8.1,0.0,0.0
6w4hpdbqt_Arformoterolconf9,-7.7,0.0,0.0
6w4hpdbqt_Atenololconf1,-6.6,0.0,0.0
6w4hpdbqt_Atenololconf10,-6.6,0.0,0.0
6w4hpdbqt_Atenololconf11,-6.6,0.0,0.0
6w4hpdbqt_Atenololconf12,-6.8,0.0,0.0
6w4hpdbqt_Atenololconf13,-6.6,0.0,0.0
6w4hpdbqt_Atenololconf14,-6.7,0.0,0.0
6w4hpdbqt_Atenololconf15,-6.9,0.0,0.0
6w4hpdbqt_Atenololconf16,-6.6,0.0,0.0
6w4hpdbqt_Atenololconf17,-6.6,0.0,0.0
6w4hpdbqt_Atenololconf18,-6.6,0.0,0.0
6w4hpdbqt_Atenololconf19,-6.6,0.0,0.0
6w4hpdbqt_Atenololconf2,-6.4,0.0,0.0
6w4hpdbqt_Atenololconf20,-6.7,0.0,0.0
6w4hpdbqt_Atenololconf3,-7.1,0.0,0.0
6w4hpdbqt_Atenololconf4,-6.2,0.0,0.0
6w4hpdbqt_Atenololconf5,-6.6,0.0,0.0
6w4hpdbqt_Atenololconf6,-6.7,0.0,0.0
6w4hpdbqt_Atenololconf7,-6.6,0.0,0.0
6w4hpdbqt_Atenololconf8,-6.7,0.0,0.0
6w4hpdbqt_Atenololconf9,-6.8,0.0,0.0
6w4hpdbqt_Axitinibconf1,-9.8,0.0,0.0
6w4hpdbqt_Axitinibconf2,-8.5,0.0,0.0
6w4hpdbqt_Axitinibconf3,-9.0,0.0,0.0
6w4hpdbqt_Axitinibconf4,-9.6,0.0,0.0
6w4hpdbqt_Axitinibconf5,-9.5,0.0,0.0
6w4hpdbqt_Axitinibconf6,-9.0,0.0,0.0
6w4hpdbqt_Axitinibconf7,-9.0,0.0,0.0
6w4hpdbqt_Axitinibconf8,-9.1,0.0,0.0
6w4hpdbqt_Belinostatconf1,-8.7,0.0,0.0
6w4hpdbqt_Belinostatconf10,-8.7,0.0,0.0
6w4hpdbqt_Belinostatconf11,-8.6,0.0,0.0
6w4hpdbqt_Belinostatconf12,-8.6,0.0,0.0
6w4hpdbqt_Belinostatconf13,-8.4,0.0,0.0
6w4hpdbqt_Belinostatconf2,-8.4,0.0,0.0
6w4hpdbqt_Belinostatconf3,-8.6,0.0,0.0
6w4hpdbqt_Belinostatconf4,-8.5,0.0,0.0
6w4hpdbqt_Belinostatconf5,-8.5,0.0,0.0
6w4hpdbqt_Belinostatconf6,-8.7,0.0,0.0
6w4hpdbqt_Belinostatconf7,-8.4,0.0,0.0
6w4hpdbqt_Belinostatconf8,-8.5,0.0,0.0
6w4hpdbqt_Belinostatconf9,-8.6,0.0,0.0
6w4hpdbqt_Benorilateconf1,-7.3,0.0,0.0
6w4hpdbqt_Benorilateconf2,-7.4,0.0,0.0
6w4hpdbqt_Benorilateconf3,-7.6,0.0,0.0
6w4hpdbqt_Benorilateconf4,-7.9,0.0,0.0
6w4hpdbqt_Benorilateconf5,-7.0,0.0,0.0
6w4hpdbqt_Benorilateconf6,-7.5,0.0,0.0
6w4hpdbqt_Benserazideconf1,-7.7,0.0,0.0
6w4hpdbqt_Benserazideconf10,-7.5,0.0,0.0
6w4hpdbqt_Benserazideconf11,-7.1,0.0,0.0
6w4hpdbqt_Benserazideconf12,-7.4,0.0,0.0
6w4hpdbqt_Benserazideconf13,-7.5,0.0,0.0
6w4hpdbqt_Benserazideconf14,-7.5,0.0,0.0
6w4hpdbqt_Benserazideconf15,-7.2,0.0,0.0
6w4hpdbqt_Benserazideconf16,-6.7,0.0,0.0
6w4hpdbqt_Benserazideconf17,-7.5,0.0,0.0
6w4hpdbqt_Benserazideconf18,-7.2,0.0,0.0
6w4hpdbqt_Benserazideconf19,-7.2,0.0,0.0
6w4hpdbqt_Benserazideconf2,-7.6,0.0,0.0
6w4hpdbqt_Benserazideconf20,-7.3,0.0,0.0
6w4hpdbqt_Benserazideconf21,-7.5,0.0,0.0
6w4hpdbqt_Benserazideconf22,-7.3,0.0,0.0
6w4hpdbqt_Benserazideconf23,-7.7,0.0,0.0
6w4hpdbqt_Benserazideconf24,-6.5,0.0,0.0
6w4hpdbqt_Benserazideconf25,-7.8,0.0,0.0
6w4hpdbqt_Benserazideconf26,-7.0,0.0,0.0
6w4hpdbqt_Benserazideconf3,-7.2,0.0,0.0
6w4hpdbqt_Benserazideconf4,-7.5,0.0,0.0
6w4hpdbqt_Benserazideconf5,-7.2,0.0,0.0
6w4hpdbqt_Benserazideconf6,-6.8,0.0,0.0
6w4hpdbqt_Benserazideconf7,-7.5,0.0,0.0
6w4hpdbqt_Benserazideconf8,-7.7,0.0,0.0
6w4hpdbqt_Benserazideconf9,-7.9,0.0,0.0
6w4hpdbqt_Bufexamacconf1,-7.0,0.0,0.0
6w4hpdbqt_Bufexamacconf2,-7.3,0.0,0.0
6w4hpdbqt_Bufexamacconf3,-7.2,0.0,0.0
6w4hpdbqt_Bufexamacconf4,-7.3,0.0,0.0
6w4hpdbqt_Bufexamacconf5,-7.3,0.0,0.0
6w4hpdbqt_Bufexamacconf6,-7.1,0.0,0.0
6w4hpdbqt_Bumadizoneconf1,-6.9,0.0,0.0
6w4hpdbqt_Bumadizoneconf10,-7.2,0.0,0.0
6w4hpdbqt_Bumadizoneconf11,-7.0,0.0,0.0
6w4hpdbqt_Bumadizoneconf12,-7.9,0.0,0.0
6w4hpdbqt_Bumadizoneconf13,-7.2,0.0,0.0
6w4hpdbqt_Bumadizoneconf14,-7.7,0.0,0.0
6w4hpdbqt_Bumadizoneconf2,-7.7,0.0,0.0
6w4hpdbqt_Bumadizoneconf3,-7.5,0.0,0.0
6w4hpdbqt_Bumadizoneconf4,-7.7,0.0,0.0
6w4hpdbqt_Bumadizoneconf5,-6.8,0.0,0.0
6w4hpdbqt_Bumadizoneconf6,-6.7,0.0,0.0
6w4hpdbqt_Bumadizoneconf7,-7.0,0.0,0.0
6w4hpdbqt_Bumadizoneconf8,-8.1,0.0,0.0
6w4hpdbqt_Bumadizoneconf9,-6.9,0.0,0.0
6w4hpdbqt_Capecitabineconf1,-7.1,0.0,0.0
6w4hpdbqt_Capecitabineconf2,-6.9,0.0,0.0
6w4hpdbqt_Capecitabineconf3,-7.2,0.0,0.0
6w4hpdbqt_Capecitabineconf4,-7.3,0.0,0.0
6w4hpdbqt_Capecitabineconf5,-7.1,0.0,0.0
6w4hpdbqt_Capecitabineconf6,-7.0,0.0,0.0
6w4hpdbqt_Capecitabineconf7,-7.4,0.0,0.0
6w4hpdbqt_Capecitabineconf8,-7.3,0.0,0.0
6w4hpdbqt_Capecitabineconf9,-6.9,0.0,0.0
6w4hpdbqt_Carbocisteineconf1,-5.4,0.0,0.0
6w4hpdbqt_Carbocisteineconf2,-5.1,0.0,0.0
6w4hpdbqt_Carbocisteineconf3,-5.2,0.0,0.0
6w4hpdbqt_Carbocisteineconf4,-5.5,0.0,0.0
6w4hpdbqt_Carbocisteineconf5,-5.5,0.0,0.0
6w4hpdbqt_Carbocisteineconf6,-5.5,0.0,0.0
6w4hpdbqt_Carbocisteineconf7,-5.8,0.0,0.0
6w4hpdbqt_Carbocisteineconf8,-5.6,0.0,0.0
6w4hpdbqt_Carteololconf1,-6.4,0.0,0.0
6w4hpdbqt_Carteololconf10,-7.3,0.0,0.0
6w4hpdbqt_Carteololconf11,-7.0,0.0,0.0
6w4hpdbqt_Carteololconf12,-7.2,0.0,0.0
6w4hpdbqt_Carteololconf13,-6.6,0.0,0.0
6w4hpdbqt_Carteololconf14,-7.3,0.0,0.0
6w4hpdbqt_Carteololconf15,-7.2,0.0,0.0
6w4hpdbqt_Carteololconf16,-6.8,0.0,0.0
6w4hpdbqt_Carteololconf17,-7.5,0.0,0.0
6w4hpdbqt_Carteololconf18,-6.9,0.0,0.0
6w4hpdbqt_Carteololconf19,-7.4,0.0,0.0
6w4hpdbqt_Carteololconf2,-7.3,0.0,0.0
6w4hpdbqt_Carteololconf20,-7.0,0.0,0.0
6w4hpdbqt_Carteololconf21,-6.5,0.0,0.0
6w4hpdbqt_Carteololconf22,-6.9,0.0,0.0
6w4hpdbqt_Carteololconf23,-7.3,0.0,0.0
6w4hpdbqt_Carteololconf24,-7.3,0.0,0.0
6w4hpdbqt_Carteololconf25,-6.9,0.0,0.0
6w4hpdbqt_Carteololconf26,-7.1,0.0,0.0
6w4hpdbqt_Carteololconf3,-7.3,0.0,0.0
6w4hpdbqt_Carteololconf4,-7.0,0.0,0.0
6w4hpdbqt_Carteololconf5,-7.0,0.0,0.0
6w4hpdbqt_Carteololconf6,-7.0,0.0,0.0
6w4hpdbqt_Carteololconf7,-6.9,0.0,0.0
6w4hpdbqt_Carteololconf8,-6.5,0.0,0.0
6w4hpdbqt_Carteololconf9,-7.3,0.0,0.0
6w4hpdbqt_Chlorphenesin_carbamateconf1,-7.5,0.0,0.0
6w4hpdbqt_Chlorphenesin_carbamateconf10,-7.4,0.0,0.0
6w4hpdbqt_Chlorphenesin_carbamateconf11,-7.5,0.0,0.0
6w4hpdbqt_Chlorphenesin_carbamateconf12,-7.3,0.0,0.0
6w4hpdbqt_Chlorphenesin_carbamateconf13,-7.4,0.0,0.0
6w4hpdbqt_Chlorphenesin_carbamateconf14,-7.4,0.0,0.0
6w4hpdbqt_Chlorphenesin_carbamateconf15,-7.3,0.0,0.0
6w4hpdbqt_Chlorphenesin_carbamateconf16,-7.4,0.0,0.0
6w4hpdbqt_Chlorphenesin_carbamateconf17,-7.1,0.0,0.0
6w4hpdbqt_Chlorphenesin_carbamateconf18,-7.4,0.0,0.0
6w4hpdbqt_Chlorphenesin_carbamateconf19,-7.3,0.0,0.0
6w4hpdbqt_Chlorphenesin_carbamateconf2,-7.4,0.0,0.0
6w4hpdbqt_Chlorphenesin_carbamateconf20,-7.4,0.0,0.0
6w4hpdbqt_Chlorphenesin_carbamateconf21,-7.5,0.0,0.0
6w4hpdbqt_Chlorphenesin_carbamateconf22,-7.0,0.0,0.0
6w4hpdbqt_Chlorphenesin_carbamateconf23,-7.3,0.0,0.0
6w4hpdbqt_Chlorphenesin_carbamateconf24,-7.2,0.0,0.0
6w4hpdbqt_Chlorphenesin_carbamateconf25,-7.2,0.0,0.0
6w4hpdbqt_Chlorphenesin_carbamateconf26,-7.5,0.0,0.0
6w4hpdbqt_Chlorphenesin_carbamateconf27,-7.5,0.0,0.0
6w4hpdbqt_Chlorphenesin_carbamateconf28,-6.9,0.0,0.0
6w4hpdbqt_Chlorphenesin_carbamateconf29,-7.4,0.0,0.0
6w4hpdbqt_Chlorphenesin_carbamateconf3,-7.4,0.0,0.0
6w4hpdbqt_Chlorphenesin_carbamateconf30,-7.4,0.0,0.0
6w4hpdbqt_Chlorphenesin_carbamateconf31,-7.3,0.0,0.0
6w4hpdbqt_Chlorphenesin_carbamateconf32,-7.4,0.0,0.0
6w4hpdbqt_Chlorphenesin_carbamateconf4,-7.4,0.0,0.0
6w4hpdbqt_Chlorphenesin_carbamateconf5,-7.5,0.0,0.0
6w4hpdbqt_Chlorphenesin_carbamateconf6,-7.4,0.0,0.0
6w4hpdbqt_Chlorphenesin_carbamateconf7,-7.5,0.0,0.0
6w4hpdbqt_Chlorphenesin_carbamateconf8,-7.4,0.0,0.0
6w4hpdbqt_Chlorphenesin_carbamateconf9,-7.4,0.0,0.0
6w4hpdbqt_Chlorpropamideconf1,-6.6,0.0,0.0
6w4hpdbqt_Chlorpropamideconf10,-6.6,0.0,0.0
6w4hpdbqt_Chlorpropamideconf11,-6.4,0.0,0.0
6w4hpdbqt_Chlorpropamideconf12,-6.6,0.0,0.0
6w4hpdbqt_Chlorpropamideconf13,-6.6,0.0,0.0
6w4hpdbqt_Chlorpropamideconf14,-6.5,0.0,0.0
6w4hpdbqt_Chlorpropamideconf2,-6.6,0.0,0.0
6w4hpdbqt_Chlorpropamideconf3,-6.7,0.0,0.0
6w4hpdbqt_Chlorpropamideconf4,-6.6,0.0,0.0
6w4hpdbqt_Chlorpropamideconf5,-6.6,0.0,0.0
6w4hpdbqt_Chlorpropamideconf6,-6.5,0.0,0.0
6w4hpdbqt_Chlorpropamideconf7,-6.5,0.0,0.0
6w4hpdbqt_Chlorpropamideconf8,-6.6,0.0,0.0
6w4hpdbqt_Chlorpropamideconf9,-6.6,0.0,0.0
6w4hpdbqt_Cidofovirconf1,-6.6,0.0,0.0
6w4hpdbqt_Cidofovirconf10,-6.8,0.0,0.0
6w4hpdbqt_Cidofovirconf11,-7.0,0.0,0.0
6w4hpdbqt_Cidofovirconf12,-7.0,0.0,0.0
6w4hpdbqt_Cidofovirconf13,-6.2,0.0,0.0
6w4hpdbqt_Cidofovirconf14,-6.7,0.0,0.0
6w4hpdbqt_Cidofovirconf15,-6.7,0.0,0.0
6w4hpdbqt_Cidofovirconf2,-7.0,0.0,0.0
6w4hpdbqt_Cidofovirconf3,-6.8,0.0,0.0
6w4hpdbqt_Cidofovirconf4,-6.9,0.0,0.0
6w4hpdbqt_Cidofovirconf5,-6.6,0.0,0.0
6w4hpdbqt_Cidofovirconf6,-7.1,0.0,0.0
6w4hpdbqt_Cidofovirconf7,-6.7,0.0,0.0
6w4hpdbqt_Cidofovirconf8,-6.9,0.0,0.0
6w4hpdbqt_Cidofovirconf9,-6.8,0.0,0.0
6w4hpdbqt_Cimetidineconf1,-6.5,0.0,0.0
6w4hpdbqt_Cimetidineconf10,-6.6,0.0,0.0
6w4hpdbqt_Cimetidineconf11,-6.7,0.0,0.0
6w4hpdbqt_Cimetidineconf12,-6.8,0.0,0.0
6w4hpdbqt_Cimetidineconf13,-6.7,0.0,0.0
6w4hpdbqt_Cimetidineconf14,-6.9,0.0,0.0
6w4hpdbqt_Cimetidineconf15,-6.9,0.0,0.0
6w4hpdbqt_Cimetidineconf2,-6.8,0.0,0.0
6w4hpdbqt_Cimetidineconf3,-6.7,0.0,0.0
6w4hpdbqt_Cimetidineconf4,-6.6,0.0,0.0
6w4hpdbqt_Cimetidineconf5,-6.7,0.0,0.0
6w4hpdbqt_Cimetidineconf6,-6.6,0.0,0.0
6w4hpdbqt_Cimetidineconf7,-6.8,0.0,0.0
6w4hpdbqt_Cimetidineconf8,-6.6,0.0,0.0
6w4hpdbqt_Cimetidineconf9,-6.6,0.0,0.0
6w4hpdbqt_Cladribineconf1,-7.1,0.0,0.0
6w4hpdbqt_Cladribineconf2,-7.8,0.0,0.0
6w4hpdbqt_Cladribineconf3,-7.9,0.0,0.0
6w4hpdbqt_Cladribineconf4,-6.9,0.0,0.0
6w4hpdbqt_Cladribineconf5,-7.8,0.0,0.0
6w4hpdbqt_Cladribineconf6,-7.9,0.0,0.0
6w4hpdbqt_Domperidoneconf1,-8.4,0.0,0.0
6w4hpdbqt_Domperidoneconf10,-9.2,0.0,0.0
6w4hpdbqt_Domperidoneconf11,-8.4,0.0,0.0
6w4hpdbqt_Domperidoneconf12,-8.8,0.0,0.0
6w4hpdbqt_Domperidoneconf13,-8.4,0.0,0.0
6w4hpdbqt_Domperidoneconf14,-9.3,0.0,0.0
6w4hpdbqt_Domperidoneconf15,-9.2,0.0,0.0
6w4hpdbqt_Domperidoneconf16,-9.5,0.0,0.0
6w4hpdbqt_Domperidoneconf2,-9.5,0.0,0.0
6w4hpdbqt_Domperidoneconf3,-8.4,0.0,0.0
6w4hpdbqt_Domperidoneconf4,-9.0,0.0,0.0
6w4hpdbqt_Domperidoneconf5,-8.7,0.0,0.0
6w4hpdbqt_Domperidoneconf6,-8.4,0.0,0.0
6w4hpdbqt_Domperidoneconf7,-9.4,0.0,0.0
6w4hpdbqt_Domperidoneconf8,-8.9,0.0,0.0
6w4hpdbqt_Domperidoneconf9,-9.4,0.0,0.0
6w4hpdbqt_Entecavirconf1,-7.5,0.0,0.0
6w4hpdbqt_Entecavirconf2,-7.5,0.0,0.0
6w4hpdbqt_Entecavirconf3,-7.5,0.0,0.0
6w4hpdbqt_Entecavirconf4,-7.6,0.0,0.0
6w4hpdbqt_Entecavirconf5,-7.5,0.0,0.0
6w4hpdbqt_Entecavirconf6,-7.4,0.0,0.0
6w4hpdbqt_Epoprostenolconf1,-7.2,0.0,0.0
6w4hpdbqt_Epoprostenolconf2,-7.5,0.0,0.0
6w4hpdbqt_Epoprostenolconf3,-6.9,0.0,0.0
6w4hpdbqt_Famciclovirconf1,-6.8,0.0,0.0
6w4hpdbqt_Famciclovirconf10,-7.0,0.0,0.0
6w4hpdbqt_Famciclovirconf11,-6.7,0.0,0.0
6w4hpdbqt_Famciclovirconf12,-6.7,0.0,0.0
6w4hpdbqt_Famciclovirconf13,-6.6,0.0,0.0
6w4hpdbqt_Famciclovirconf14,-6.8,0.0,0.0
6w4hpdbqt_Famciclovirconf15,-6.8,0.0,0.0
6w4hpdbqt_Famciclovirconf16,-6.8,0.0,0.0
6w4hpdbqt_Famciclovirconf2,-6.6,0.0,0.0
6w4hpdbqt_Famciclovirconf3,-6.7,0.0,0.0
6w4hpdbqt_Famciclovirconf4,-6.7,0.0,0.0
6w4hpdbqt_Famciclovirconf5,-6.9,0.0,0.0
6w4hpdbqt_Famciclovirconf6,-7.4,0.0,0.0
6w4hpdbqt_Famciclovirconf7,-7.0,0.0,0.0
6w4hpdbqt_Famciclovirconf8,-6.7,0.0,0.0
6w4hpdbqt_Famciclovirconf9,-6.7,0.0,0.0
6w4hpdbqt_Fingolimodconf1,-6.8,0.0,0.0
6w4hpdbqt_Fingolimodconf2,-6.5,0.0,0.0
6w4hpdbqt_Fingolimodconf3,-6.2,0.0,0.0
6w4hpdbqt_Fingolimodconf4,-6.3,0.0,0.0
6w4hpdbqt_Formoterolconf1,-7.7,0.0,0.0
6w4hpdbqt_Formoterolconf10,-7.4,0.0,0.0
6w4hpdbqt_Formoterolconf11,-7.9,0.0,0.0
6w4hpdbqt_Formoterolconf12,-7.9,0.0,0.0
6w4hpdbqt_Formoterolconf13,-7.9,0.0,0.0
6w4hpdbqt_Formoterolconf14,-8.0,0.0,0.0
6w4hpdbqt_Formoterolconf15,-7.3,0.0,0.0
6w4hpdbqt_Formoterolconf16,-7.6,0.0,0.0
6w4hpdbqt_Formoterolconf17,-7.7,0.0,0.0
6w4hpdbqt_Formoterolconf18,-7.9,0.0,0.0
6w4hpdbqt_Formoterolconf19,-7.9,0.0,0.0
6w4hpdbqt_Formoterolconf2,-7.7,0.0,0.0
6w4hpdbqt_Formoterolconf20,-7.9,0.0,0.0
6w4hpdbqt_Formoterolconf21,-7.9,0.0,0.0
6w4hpdbqt_Formoterolconf22,-8.1,0.0,0.0
6w4hpdbqt_Formoterolconf23,-7.8,0.0,0.0
6w4hpdbqt_Formoterolconf24,-7.2,0.0,0.0
6w4hpdbqt_Formoterolconf25,-7.6,0.0,0.0
6w4hpdbqt_Formoterolconf26,-7.8,0.0,0.0
6w4hpdbqt_Formoterolconf27,-7.9,0.0,0.0
6w4hpdbqt_Formoterolconf28,-7.8,0.0,0.0
6w4hpdbqt_Formoterolconf29,-8.3,0.0,0.0
6w4hpdbqt_Formoterolconf3,-7.9,0.0,0.0
6w4hpdbqt_Formoterolconf30,-7.7,0.0,0.0
6w4hpdbqt_Formoterolconf31,-8.0,0.0,0.0
6w4hpdbqt_Formoterolconf32,-7.7,0.0,0.0
6w4hpdbqt_Formoterolconf33,-8.4,0.0,0.0
6w4hpdbqt_Formoterolconf34,-7.8,0.0,0.0
6w4hpdbqt_Formoterolconf35,-7.8,0.0,0.0
6w4hpdbqt_Formoterolconf36,-7.7,0.0,0.0
6w4hpdbqt_Formoterolconf37,-8.0,0.0,0.0
6w4hpdbqt_Formoterolconf38,-7.9,0.0,0.0
6w4hpdbqt_Formoterolconf39,-8.3,0.0,0.0
6w4hpdbqt_Formoterolconf4,-8.1,0.0,0.0
6w4hpdbqt_Formoterolconf40,-7.9,0.0,0.0
6w4hpdbqt_Formoterolconf41,-8.0,0.0,0.0
6w4hpdbqt_Formoterolconf42,-7.7,0.0,0.0
6w4hpdbqt_Formoterolconf43,-8.3,0.0,0.0
6w4hpdbqt_Formoterolconf44,-7.1,0.0,0.0
6w4hpdbqt_Formoterolconf45,-8.2,0.0,0.0
6w4hpdbqt_Formoterolconf46,-7.8,0.0,0.0
6w4hpdbqt_Formoterolconf47,-8.2,0.0,0.0
6w4hpdbqt_Formoterolconf48,-7.7,0.0,0.0
6w4hpdbqt_Formoterolconf5,-7.8,0.0,0.0
6w4hpdbqt_Formoterolconf6,-8.0,0.0,0.0
6w4hpdbqt_Formoterolconf7,-8.1,0.0,0.0
6w4hpdbqt_Formoterolconf8,-8.0,0.0,0.0
6w4hpdbqt_Formoterolconf9,-7.4,0.0,0.0
6w4hpdbqt_Ganciclovirconf1,-7.3,0.0,0.0
6w4hpdbqt_Ganciclovirconf10,-7.1,0.0,0.0
6w4hpdbqt_Ganciclovirconf2,-6.6,0.0,0.0
6w4hpdbqt_Ganciclovirconf3,-6.9,0.0,0.0
6w4hpdbqt_Ganciclovirconf4,-6.4,0.0,0.0
6w4hpdbqt_Ganciclovirconf5,-6.7,0.0,0.0
6w4hpdbqt_Ganciclovirconf6,-6.5,0.0,0.0
6w4hpdbqt_Ganciclovirconf7,-6.8,0.0,0.0
6w4hpdbqt_Ganciclovirconf8,-6.4,0.0,0.0
6w4hpdbqt_Ganciclovirconf9,-6.6,0.0,0.0
6w4hpdbqt_Gemifloxacinconf1,-7.7,0.0,0.0
6w4hpdbqt_Gemifloxacinconf10,-8.0,0.0,0.0
6w4hpdbqt_Gemifloxacinconf11,-8.1,0.0,0.0
6w4hpdbqt_Gemifloxacinconf12,-7.6,0.0,0.0
6w4hpdbqt_Gemifloxacinconf13,-8.0,0.0,0.0
6w4hpdbqt_Gemifloxacinconf14,-7.8,0.0,0.0
6w4hpdbqt_Gemifloxacinconf15,-8.2,0.0,0.0
6w4hpdbqt_Gemifloxacinconf16,-7.7,0.0,0.0
6w4hpdbqt_Gemifloxacinconf17,-8.1,0.0,0.0
6w4hpdbqt_Gemifloxacinconf18,-7.8,0.0,0.0
6w4hpdbqt_Gemifloxacinconf19,-8.3,0.0,0.0
6w4hpdbqt_Gemifloxacinconf2,-7.7,0.0,0.0
6w4hpdbqt_Gemifloxacinconf20,-7.7,0.0,0.0
6w4hpdbqt_Gemifloxacinconf21,-8.1,0.0,0.0
6w4hpdbqt_Gemifloxacinconf22,-7.8,0.0,0.0
6w4hpdbqt_Gemifloxacinconf3,-7.9,0.0,0.0
6w4hpdbqt_Gemifloxacinconf4,-7.9,0.0,0.0
6w4hpdbqt_Gemifloxacinconf5,-7.8,0.0,0.0
6w4hpdbqt_Gemifloxacinconf6,-7.7,0.0,0.0
6w4hpdbqt_Gemifloxacinconf7,-7.7,0.0,0.0
6w4hpdbqt_Gemifloxacinconf8,-7.7,0.0,0.0
6w4hpdbqt_Gemifloxacinconf9,-7.9,0.0,0.0
6w4hpdbqt_Glyburideconf1,-9.7,0.0,0.0
6w4hpdbqt_Glyburideconf2,-9.2,0.0,0.0
6w4hpdbqt_Glyburideconf3,-9.3,0.0,0.0
6w4hpdbqt_Glyburideconf4,-9.1,0.0,0.0
6w4hpdbqt_Glyburideconf5,-9.4,0.0,0.0
6w4hpdbqt_Glyburideconf6,-9.6,0.0,0.0
6w4hpdbqt_Glyburideconf7,-9.5,0.0,0.0
6w4hpdbqt_Glyburideconf8,-9.6,0.0,0.0
6w4hpdbqt_Hydroxychloroquineconf1,-6.6,0.0,0.0
6w4hpdbqt_Hydroxychloroquineconf10,-7.2,0.0,0.0
6w4hpdbqt_Hydroxychloroquineconf11,-6.6,0.0,0.0
6w4hpdbqt_Hydroxychloroquineconf12,-7.1,0.0,0.0
6w4hpdbqt_Hydroxychloroquineconf13,-7.3,0.0,0.0
6w4hpdbqt_Hydroxychloroquineconf14,-6.8,0.0,0.0
6w4hpdbqt_Hydroxychloroquineconf15,-6.6,0.0,0.0
6w4hpdbqt_Hydroxychloroquineconf16,-6.8,0.0,0.0
6w4hpdbqt_Hydroxychloroquineconf17,-6.6,0.0,0.0
6w4hpdbqt_Hydroxychloroquineconf18,-7.1,0.0,0.0
6w4hpdbqt_Hydroxychloroquineconf19,-6.7,0.0,0.0
6w4hpdbqt_Hydroxychloroquineconf2,-7.0,0.0,0.0
6w4hpdbqt_Hydroxychloroquineconf20,-6.7,0.0,0.0
6w4hpdbqt_Hydroxychloroquineconf21,-6.7,0.0,0.0
6w4hpdbqt_Hydroxychloroquineconf22,-6.8,0.0,0.0
6w4hpdbqt_Hydroxychloroquineconf23,-7.2,0.0,0.0
6w4hpdbqt_Hydroxychloroquineconf24,-7.2,0.0,0.0
6w4hpdbqt_Hydroxychloroquineconf25,-7.2,0.0,0.0
6w4hpdbqt_Hydroxychloroquineconf26,-6.9,0.0,0.0
6w4hpdbqt_Hydroxychloroquineconf27,-6.6,0.0,0.0
6w4hpdbqt_Hydroxychloroquineconf28,-6.9,0.0,0.0
6w4hpdbqt_Hydroxychloroquineconf3,-6.8,0.0,0.0
6w4hpdbqt_Hydroxychloroquineconf4,-6.9,0.0,0.0
6w4hpdbqt_Hydroxychloroquineconf5,-6.7,0.0,0.0
6w4hpdbqt_Hydroxychloroquineconf6,-6.6,0.0,0.0
6w4hpdbqt_Hydroxychloroquineconf7,-6.7,0.0,0.0
6w4hpdbqt_Hydroxychloroquineconf8,-7.0,0.0,0.0
6w4hpdbqt_Hydroxychloroquineconf9,-7.0,0.0,0.0
6w4hpdbqt_Ibutilideconf1,-5.8,0.0,0.0
6w4hpdbqt_Ibutilideconf10,-6.0,0.0,0.0
6w4hpdbqt_Ibutilideconf11,-5.9,0.0,0.0
6w4hpdbqt_Ibutilideconf12,-5.8,0.0,0.0
6w4hpdbqt_Ibutilideconf13,-6.1,0.0,0.0
6w4hpdbqt_Ibutilideconf14,-6.5,0.0,0.0
6w4hpdbqt_Ibutilideconf15,-6.0,0.0,0.0
6w4hpdbqt_Ibutilideconf16,-6.9,0.0,0.0
6w4hpdbqt_Ibutilideconf2,-6.2,0.0,0.0
6w4hpdbqt_Ibutilideconf3,-6.3,0.0,0.0
6w4hpdbqt_Ibutilideconf4,-6.8,0.0,0.0
6w4hpdbqt_Ibutilideconf5,-6.2,0.0,0.0
6w4hpdbqt_Ibutilideconf6,-5.7,0.0,0.0
6w4hpdbqt_Ibutilideconf7,-6.0,0.0,0.0
6w4hpdbqt_Ibutilideconf8,-6.5,0.0,0.0
6w4hpdbqt_Ibutilideconf9,-5.8,0.0,0.0
6w4hpdbqt_Imipenemconf1,-6.6,0.0,0.0
6w4hpdbqt_Imipenemconf2,-6.6,0.0,0.0
6w4hpdbqt_Imipenemconf3,-6.3,0.0,0.0
6w4hpdbqt_Imipenemconf4,-6.7,0.0,0.0
6w4hpdbqt_Imipenemconf5,-6.6,0.0,0.0
6w4hpdbqt_Imipenemconf6,-6.7,0.0,0.0
6w4hpdbqt_Indacaterolconf1,-9.1,0.0,0.0
6w4hpdbqt_Indacaterolconf2,-9.0,0.0,0.0
6w4hpdbqt_Indacaterolconf3,-9.0,0.0,0.0
6w4hpdbqt_Indacaterolconf4,-9.1,0.0,0.0
6w4hpdbqt_Indacaterolconf5,-10.0,0.0,0.0
6w4hpdbqt_Indacaterolconf6,-8.8,0.0,0.0
6w4hpdbqt_Indacaterolconf7,-9.0,0.0,0.0
6w4hpdbqt_Indacaterolconf8,-9.1,0.0,0.0
6w4hpdbqt_Isoprenalineconf1,-6.9,0.0,0.0
6w4hpdbqt_Isoprenalineconf10,-6.7,0.0,0.0
6w4hpdbqt_Isoprenalineconf11,-6.9,0.0,0.0
6w4hpdbqt_Isoprenalineconf12,-6.6,0.0,0.0
6w4hpdbqt_Isoprenalineconf2,-6.3,0.0,0.0
6w4hpdbqt_Isoprenalineconf3,-5.9,0.0,0.0
6w4hpdbqt_Isoprenalineconf4,-6.7,0.0,0.0
6w4hpdbqt_Isoprenalineconf5,-6.3,0.0,0.0
6w4hpdbqt_Isoprenalineconf6,-6.3,0.0,0.0
6w4hpdbqt_Isoprenalineconf7,-6.8,0.0,0.0
6w4hpdbqt_Isoprenalineconf8,-6.7,0.0,0.0
6w4hpdbqt_Isoprenalineconf9,-6.9,0.0,0.0
6w4hpdbqt_L-Arginineconf1,-6.1,0.0,0.0
6w4hpdbqt_L-Arginineconf10,-5.9,0.0,0.0
6w4hpdbqt_L-Arginineconf2,-6.2,0.0,0.0
6w4hpdbqt_L-Arginineconf3,-6.0,0.0,0.0
6w4hpdbqt_L-Arginineconf4,-6.1,0.0,0.0
6w4hpdbqt_L-Arginineconf5,-5.8,0.0,0.0
6w4hpdbqt_L-Arginineconf6,-6.2,0.0,0.0
6w4hpdbqt_L-Arginineconf7,-6.0,0.0,0.0
6w4hpdbqt_L-Arginineconf8,-6.2,0.0,0.0
6w4hpdbqt_L-Arginineconf9,-6.2,0.0,0.0
6w4hpdbqt_L-Cysteineconf1,-5.7,0.0,0.0
6w4hpdbqt_L-Cysteineconf2,-5.7,0.0,0.0
6w4hpdbqt_L-Cysteineconf3,-5.7,0.0,0.0
6w4hpdbqt_L-Cysteineconf4,-5.2,0.0,0.0
6w4hpdbqt_L-Cysteineconf5,-5.8,0.0,0.0
6w4hpdbqt_L-Cysteineconf6,-5.4,0.0,0.0
6w4hpdbqt_L-Cysteineconf7,-5.6,0.0,0.0
6w4hpdbqt_L-Cysteineconf8,-4.7,0.0,0.0
6w4hpdbqt_L-Cysteineconf9,-5.5,0.0,0.0
6w4hpdbqt_L-Glutamineconf1,-5.7,0.0,0.0
6w4hpdbqt_L-Glutamineconf2,-6.2,0.0,0.0
6w4hpdbqt_L-Glutamineconf3,-6.3,0.0,0.0
6w4hpdbqt_L-Glutamineconf4,-5.7,0.0,0.0
6w4hpdbqt_L-Glutamineconf5,-6.0,0.0,0.0
6w4hpdbqt_L-Lysineconf1,-5.3,0.0,0.0
6w4hpdbqt_L-Lysineconf2,-5.5,0.0,0.0
6w4hpdbqt_L-Lysineconf3,-5.5,0.0,0.0
6w4hpdbqt_L-Lysineconf4,-5.0,0.0,0.0
6w4hpdbqt_L-Lysineconf5,-5.2,0.0,0.0
6w4hpdbqt_Labetalolconf1,-7.7,0.0,0.0
6w4hpdbqt_Labetalolconf10,-8.1,0.0,0.0
6w4hpdbqt_Labetalolconf11,-8.0,0.0,0.0
6w4hpdbqt_Labetalolconf12,-7.8,0.0,0.0
6w4hpdbqt_Labetalolconf13,-7.8,0.0,0.0
6w4hpdbqt_Labetalolconf14,-8.0,0.0,0.0
6w4hpdbqt_Labetalolconf15,-8.2,0.0,0.0
6w4hpdbqt_Labetalolconf16,-8.1,0.0,0.0
6w4hpdbqt_Labetalolconf17,-8.0,0.0,0.0
6w4hpdbqt_Labetalolconf18,-7.9,0.0,0.0
6w4hpdbqt_Labetalolconf19,-7.9,0.0,0.0
6w4hpdbqt_Labetalolconf2,-8.4,0.0,0.0
6w4hpdbqt_Labetalolconf20,-8.5,0.0,0.0
6w4hpdbqt_Labetalolconf21,-8.0,0.0,0.0
6w4hpdbqt_Labetalolconf22,-8.9,0.0,0.0
6w4hpdbqt_Labetalolconf23,-8.1,0.0,0.0
6w4hpdbqt_Labetalolconf24,-8.3,0.0,0.0
6w4hpdbqt_Labetalolconf25,-8.1,0.0,0.0
6w4hpdbqt_Labetalolconf26,-8.3,0.0,0.0
6w4hpdbqt_Labetalolconf27,-8.5,0.0,0.0
6w4hpdbqt_Labetalolconf28,-8.2,0.0,0.0
6w4hpdbqt_Labetalolconf29,-8.1,0.0,0.0
6w4hpdbqt_Labetalolconf3,-8.3,0.0,0.0
6w4hpdbqt_Labetalolconf30,-7.9,0.0,0.0
6w4hpdbqt_Labetalolconf31,-8.2,0.0,0.0
6w4hpdbqt_Labetalolconf32,-8.1,0.0,0.0
6w4hpdbqt_Labetalolconf33,-8.1,0.0,0.0
6w4hpdbqt_Labetalolconf34,-7.9,0.0,0.0
6w4hpdbqt_Labetalolconf35,-8.0,0.0,0.0
6w4hpdbqt_Labetalolconf36,-8.5,0.0,0.0
6w4hpdbqt_Labetalolconf37,-7.9,0.0,0.0
6w4hpdbqt_Labetalolconf38,-8.0,0.0,0.0
6w4hpdbqt_Labetalolconf39,-8.1,0.0,0.0
6w4hpdbqt_Labetalolconf4,-8.4,0.0,0.0
6w4hpdbqt_Labetalolconf40,-7.8,0.0,0.0
6w4hpdbqt_Labetalolconf41,-7.7,0.0,0.0
6w4hpdbqt_Labetalolconf42,-7.8,0.0,0.0
6w4hpdbqt_Labetalolconf43,-8.1,0.0,0.0
6w4hpdbqt_Labetalolconf44,-7.9,0.0,0.0
6w4hpdbqt_Labetalolconf5,-7.9,0.0,0.0
6w4hpdbqt_Labetalolconf6,-7.9,0.0,0.0
6w4hpdbqt_Labetalolconf7,-8.1,0.0,0.0
6w4hpdbqt_Labetalolconf8,-7.8,0.0,0.0
6w4hpdbqt_Labetalolconf9,-7.8,0.0,0.0
6w4hpdbqt_Levalbuterolconf1,-6.6,0.0,0.0
6w4hpdbqt_Levalbuterolconf2,-6.6,0.0,0.0
6w4hpdbqt_Levalbuterolconf3,-6.7,0.0,0.0
6w4hpdbqt_Levalbuterolconf4,-6.8,0.0,0.0
6w4hpdbqt_Levalbuterolconf5,-6.7,0.0,0.0
6w4hpdbqt_Levalbuterolconf6,-6.4,0.0,0.0
6w4hpdbqt_Levodopaconf1,-6.9,0.0,0.0
6w4hpdbqt_Levodopaconf10,-6.7,0.0,0.0
6w4hpdbqt_Levodopaconf11,-6.8,0.0,0.0
6w4hpdbqt_Levodopaconf12,-6.9,0.0,0.0
6w4hpdbqt_Levodopaconf2,-6.7,0.0,0.0
6w4hpdbqt_Levodopaconf3,-6.3,0.0,0.0
6w4hpdbqt_Levodopaconf4,-6.8,0.0,0.0
6w4hpdbqt_Levodopaconf5,-6.7,0.0,0.0
6w4hpdbqt_Levodopaconf6,-6.8,0.0,0.0
6w4hpdbqt_Levodopaconf7,-6.8,0.0,0.0
6w4hpdbqt_Levodopaconf8,-6.9,0.0,0.0
6w4hpdbqt_Levodopaconf9,-6.4,0.0,0.0
6w4hpdbqt_Lisdexamfetamineconf1,-7.2,0.0,0.0
6w4hpdbqt_Lisdexamfetamineconf2,-7.0,0.0,0.0
6w4hpdbqt_Lisdexamfetamineconf3,-7.2,0.0,0.0
6w4hpdbqt_Lisdexamfetamineconf4,-7.2,0.0,0.0
6w4hpdbqt_Losartanconf1,-8.0,0.0,0.0
6w4hpdbqt_Losartanconf2,-8.0,0.0,0.0
6w4hpdbqt_Losartanconf3,-8.0,0.0,0.0
6w4hpdbqt_Losartanconf4,-7.9,0.0,0.0
6w4hpdbqt_Losartanconf5,-8.0,0.0,0.0
6w4hpdbqt_Losartanconf6,-7.9,0.0,0.0
6w4hpdbqt_Melphalanconf1,-5.9,0.0,0.0
6w4hpdbqt_Melphalanconf10,-6.2,0.0,0.0
6w4hpdbqt_Melphalanconf11,-6.3,0.0,0.0
6w4hpdbqt_Melphalanconf2,-6.1,0.0,0.0
6w4hpdbqt_Melphalanconf3,-6.1,0.0,0.0
6w4hpdbqt_Melphalanconf4,-6.2,0.0,0.0
6w4hpdbqt_Melphalanconf5,-5.9,0.0,0.0
6w4hpdbqt_Melphalanconf6,-6.3,0.0,0.0
6w4hpdbqt_Melphalanconf7,-5.9,0.0,0.0
6w4hpdbqt_Melphalanconf8,-5.9,0.0,0.0
6w4hpdbqt_Melphalanconf9,-6.3,0.0,0.0
6w4hpdbqt_Metipranololconf1,-6.7,0.0,0.0
6w4hpdbqt_Metipranololconf10,-6.4,0.0,0.0
6w4hpdbqt_Metipranololconf11,-6.9,0.0,0.0
6w4hpdbqt_Metipranololconf12,-6.6,0.0,0.0
6w4hpdbqt_Metipranololconf13,-6.8,0.0,0.0
6w4hpdbqt_Metipranololconf14,-7.0,0.0,0.0
6w4hpdbqt_Metipranololconf15,-6.6,0.0,0.0
6w4hpdbqt_Metipranololconf16,-6.5,0.0,0.0
6w4hpdbqt_Metipranololconf17,-6.7,0.0,0.0
6w4hpdbqt_Metipranololconf18,-6.9,0.0,0.0
6w4hpdbqt_Metipranololconf19,-6.9,0.0,0.0
6w4hpdbqt_Metipranololconf2,-6.9,0.0,0.0
6w4hpdbqt_Metipranololconf20,-7.2,0.0,0.0
6w4hpdbqt_Metipranololconf21,-6.9,0.0,0.0
6w4hpdbqt_Metipranololconf22,-6.5,0.0,0.0
6w4hpdbqt_Metipranololconf23,-6.3,0.0,0.0
6w4hpdbqt_Metipranololconf24,-6.9,0.0,0.0
6w4hpdbqt_Metipranololconf25,-6.7,0.0,0.0
6w4hpdbqt_Metipranololconf26,-6.7,0.0,0.0
6w4hpdbqt_Metipranololconf27,-6.9,0.0,0.0
6w4hpdbqt_Metipranololconf28,-7.2,0.0,0.0
6w4hpdbqt_Metipranololconf29,-6.6,0.0,0.0
6w4hpdbqt_Metipranololconf3,-6.4,0.0,0.0
6w4hpdbqt_Metipranololconf30,-6.5,0.0,0.0
6w4hpdbqt_Metipranololconf4,-7.2,0.0,0.0
6w4hpdbqt_Metipranololconf5,-6.7,0.0,0.0
6w4hpdbqt_Metipranololconf6,-7.2,0.0,0.0
6w4hpdbqt_Metipranololconf7,-7.0,0.0,0.0
6w4hpdbqt_Metipranololconf8,-7.1,0.0,0.0
6w4hpdbqt_Metipranololconf9,-6.7,0.0,0.0
6w4hpdbqt_Midodrineconf1,-7.0,0.0,0.0
6w4hpdbqt_Midodrineconf2,-7.0,0.0,0.0
6w4hpdbqt_Midodrineconf3,-6.9,0.0,0.0
6w4hpdbqt_Midodrineconf4,-6.9,0.0,0.0
6w4hpdbqt_Nadololconf1,-7.4,0.0,0.0
6w4hpdbqt_Nadololconf10,-7.6,0.0,0.0
6w4hpdbqt_Nadololconf11,-7.6,0.0,0.0
6w4hpdbqt_Nadololconf12,-7.7,0.0,0.0
6w4hpdbqt_Nadololconf13,-7.6,0.0,0.0
6w4hpdbqt_Nadololconf14,-7.9,0.0,0.0
6w4hpdbqt_Nadololconf15,-7.9,0.0,0.0
6w4hpdbqt_Nadololconf16,-7.9,0.0,0.0
6w4hpdbqt_Nadololconf17,-7.9,0.0,0.0
6w4hpdbqt_Nadololconf18,-7.9,0.0,0.0
6w4hpdbqt_Nadololconf19,-7.9,0.0,0.0
6w4hpdbqt_Nadololconf2,-7.5,0.0,0.0
6w4hpdbqt_Nadololconf20,-7.9,0.0,0.0
6w4hpdbqt_Nadololconf21,-7.6,0.0,0.0
6w4hpdbqt_Nadololconf22,-7.9,0.0,0.0
6w4hpdbqt_Nadololconf3,-7.5,0.0,0.0
6w4hpdbqt_Nadololconf4,-7.5,0.0,0.0
6w4hpdbqt_Nadololconf5,-7.6,0.0,0.0
6w4hpdbqt_Nadololconf6,-7.7,0.0,0.0
6w4hpdbqt_Nadololconf7,-7.6,0.0,0.0
6w4hpdbqt_Nadololconf8,-7.6,0.0,0.0
6w4hpdbqt_Nadololconf9,-7.6,0.0,0.0
6w4hpdbqt_Oxamniquineconf1,-6.8,0.0,0.0
6w4hpdbqt_Oxamniquineconf10,-7.0,0.0,0.0
6w4hpdbqt_Oxamniquineconf11,-6.8,0.0,0.0
6w4hpdbqt_Oxamniquineconf12,-7.1,0.0,0.0
6w4hpdbqt_Oxamniquineconf13,-7.1,0.0,0.0
6w4hpdbqt_Oxamniquineconf14,-7.2,0.0,0.0
6w4hpdbqt_Oxamniquineconf15,-7.4,0.0,0.0
6w4hpdbqt_Oxamniquineconf16,-7.2,0.0,0.0
6w4hpdbqt_Oxamniquineconf2,-6.6,0.0,0.0
6w4hpdbqt_Oxamniquineconf3,-6.9,0.0,0.0
6w4hpdbqt_Oxamniquineconf4,-6.7,0.0,0.0
6w4hpdbqt_Oxamniquineconf5,-7.1,0.0,0.0
6w4hpdbqt_Oxamniquineconf6,-7.2,0.0,0.0
6w4hpdbqt_Oxamniquineconf7,-7.0,0.0,0.0
6w4hpdbqt_Oxamniquineconf8,-7.2,0.0,0.0
6w4hpdbqt_Oxamniquineconf9,-6.7,0.0,0.0
6w4hpdbqt_Oxitriptanconf1,-7.5,0.0,0.0
6w4hpdbqt_Oxitriptanconf10,-7.6,0.0,0.0
6w4hpdbqt_Oxitriptanconf2,-7.0,0.0,0.0
6w4hpdbqt_Oxitriptanconf3,-7.0,0.0,0.0
6w4hpdbqt_Oxitriptanconf4,-7.6,0.0,0.0
6w4hpdbqt_Oxitriptanconf5,-7.4,0.0,0.0
6w4hpdbqt_Oxitriptanconf6,-7.5,0.0,0.0
6w4hpdbqt_Oxitriptanconf7,-7.5,0.0,0.0
6w4hpdbqt_Oxitriptanconf8,-7.5,0.0,0.0
6w4hpdbqt_Oxitriptanconf9,-7.0,0.0,0.0
6w4hpdbqt_Panobinostatconf1,-7.3,0.0,0.0
6w4hpdbqt_Panobinostatconf10,-7.7,0.0,0.0
6w4hpdbqt_Panobinostatconf11,-7.7,0.0,0.0
6w4hpdbqt_Panobinostatconf2,-7.5,0.0,0.0
6w4hpdbqt_Panobinostatconf3,-7.4,0.0,0.0
6w4hpdbqt_Panobinostatconf4,-7.6,0.0,0.0
6w4hpdbqt_Panobinostatconf5,-7.9,0.0,0.0
6w4hpdbqt_Panobinostatconf6,-7.4,0.0,0.0
6w4hpdbqt_Panobinostatconf7,-8.8,0.0,0.0
6w4hpdbqt_Panobinostatconf8,-7.7,0.0,0.0
6w4hpdbqt_Panobinostatconf9,-7.9,0.0,0.0
6w4hpdbqt_Penciclovirconf1,-6.9,0.0,0.0
6w4hpdbqt_Penciclovirconf10,-6.8,0.0,0.0
6w4hpdbqt_Penciclovirconf11,-7.2,0.0,0.0
6w4hpdbqt_Penciclovirconf12,-6.7,0.0,0.0
6w4hpdbqt_Penciclovirconf13,-6.6,0.0,0.0
6w4hpdbqt_Penciclovirconf14,-6.8,0.0,0.0
6w4hpdbqt_Penciclovirconf15,-6.8,0.0,0.0
6w4hpdbqt_Penciclovirconf16,-6.8,0.0,0.0
6w4hpdbqt_Penciclovirconf2,-6.9,0.0,0.0
6w4hpdbqt_Penciclovirconf3,-6.8,0.0,0.0
6w4hpdbqt_Penciclovirconf4,-6.8,0.0,0.0
6w4hpdbqt_Penciclovirconf5,-7.1,0.0,0.0
6w4hpdbqt_Penciclovirconf6,-7.2,0.0,0.0
6w4hpdbqt_Penciclovirconf7,-6.8,0.0,0.0
6w4hpdbqt_Penciclovirconf8,-6.8,0.0,0.0
6w4hpdbqt_Penciclovirconf9,-6.8,0.0,0.0
6w4hpdbqt_Pentetic_Acidconf1,-6.2,0.0,0.0
6w4hpdbqt_Pentetic_Acidconf10,-6.0,0.0,0.0
6w4hpdbqt_Pentetic_Acidconf11,-6.5,0.0,0.0
6w4hpdbqt_Pentetic_Acidconf12,-6.5,0.0,0.0
6w4hpdbqt_Pentetic_Acidconf13,-6.6,0.0,0.0
6w4hpdbqt_Pentetic_Acidconf14,-6.4,0.0,0.0
6w4hpdbqt_Pentetic_Acidconf15,-6.5,0.0,0.0
6w4hpdbqt_Pentetic_Acidconf2,-6.0,0.0,0.0
6w4hpdbqt_Pentetic_Acidconf3,-6.1,0.0,0.0
6w4hpdbqt_Pentetic_Acidconf4,-6.5,0.0,0.0
6w4hpdbqt_Pentetic_Acidconf5,-6.4,0.0,0.0
6w4hpdbqt_Pentetic_Acidconf6,-6.3,0.0,0.0
6w4hpdbqt_Pentetic_Acidconf7,-6.4,0.0,0.0
6w4hpdbqt_Pentetic_Acidconf8,-6.1,0.0,0.0
6w4hpdbqt_Pentetic_Acidconf9,-6.3,0.0,0.0
6w4hpdbqt_Phthalylsulfathiazoleconf1,-8.5,0.0,0.0
6w4hpdbqt_Phthalylsulfathiazoleconf10,-9.0,0.0,0.0
6w4hpdbqt_Phthalylsulfathiazoleconf11,-8.2,0.0,0.0
6w4hpdbqt_Phthalylsulfathiazoleconf12,-7.7,0.0,0.0
6w4hpdbqt_Phthalylsulfathiazoleconf2,-7.6,0.0,0.0
6w4hpdbqt_Phthalylsulfathiazoleconf3,-7.8,0.0,0.0
6w4hpdbqt_Phthalylsulfathiazoleconf4,-8.1,0.0,0.0
6w4hpdbqt_Phthalylsulfathiazoleconf5,-7.7,0.0,0.0
6w4hpdbqt_Phthalylsulfathiazoleconf6,-8.5,0.0,0.0
6w4hpdbqt_Phthalylsulfathiazoleconf7,-7.9,0.0,0.0
6w4hpdbqt_Phthalylsulfathiazoleconf8,-9.0,0.0,0.0
6w4hpdbqt_Phthalylsulfathiazoleconf9,-7.7,0.0,0.0
6w4hpdbqt_Pindololconf1,-6.7,0.0,0.0
6w4hpdbqt_Pindololconf10,-5.9,0.0,0.0
6w4hpdbqt_Pindololconf11,-6.5,0.0,0.0
6w4hpdbqt_Pindololconf12,-6.7,0.0,0.0
6w4hpdbqt_Pindololconf13,-6.6,0.0,0.0
6w4hpdbqt_Pindololconf14,-6.9,0.0,0.0
6w4hpdbqt_Pindololconf15,-6.5,0.0,0.0
6w4hpdbqt_Pindololconf16,-6.6,0.0,0.0
6w4hpdbqt_Pindololconf17,-6.8,0.0,0.0
6w4hpdbqt_Pindololconf18,-6.8,0.0,0.0
6w4hpdbqt_Pindololconf19,-6.8,0.0,0.0
6w4hpdbqt_Pindololconf2,-6.5,0.0,0.0
6w4hpdbqt_Pindololconf20,-6.6,0.0,0.0
6w4hpdbqt_Pindololconf21,-6.6,0.0,0.0
6w4hpdbqt_Pindololconf22,-6.6,0.0,0.0
6w4hpdbqt_Pindololconf23,-6.7,0.0,0.0
6w4hpdbqt_Pindololconf24,-6.6,0.0,0.0
6w4hpdbqt_Pindololconf25,-6.7,0.0,0.0
6w4hpdbqt_Pindololconf26,-6.7,0.0,0.0
6w4hpdbqt_Pindololconf27,-6.5,0.0,0.0
6w4hpdbqt_Pindololconf28,-6.7,0.0,0.0
6w4hpdbqt_Pindololconf3,-7.0,0.0,0.0
6w4hpdbqt_Pindololconf4,-6.6,0.0,0.0
6w4hpdbqt_Pindololconf5,-6.9,0.0,0.0
6w4hpdbqt_Pindololconf6,-6.7,0.0,0.0
6w4hpdbqt_Pindololconf7,-6.5,0.0,0.0
6w4hpdbqt_Pindololconf8,-6.5,0.0,0.0
6w4hpdbqt_Pindololconf9,-6.7,0.0,0.0
6w4hpdbqt_Practololconf1,-6.3,0.0,0.0
6w4hpdbqt_Practololconf10,-6.5,0.0,0.0
6w4hpdbqt_Practololconf11,-6.2,0.0,0.0
6w4hpdbqt_Practololconf12,-6.1,0.0,0.0
6w4hpdbqt_Practololconf2,-6.2,0.0,0.0
6w4hpdbqt_Practololconf3,-6.7,0.0,0.0
6w4hpdbqt_Practololconf4,-6.7,0.0,0.0
6w4hpdbqt_Practololconf5,-6.4,0.0,0.0
6w4hpdbqt_Practololconf6,-6.1,0.0,0.0
6w4hpdbqt_Practololconf7,-6.5,0.0,0.0
6w4hpdbqt_Practololconf8,-6.2,0.0,0.0
6w4hpdbqt_Practololconf9,-6.6,0.0,0.0
6w4hpdbqt_Procarbazineconf1,-6.6,0.0,0.0
6w4hpdbqt_Procarbazineconf2,-6.6,0.0,0.0
6w4hpdbqt_Procarbazineconf3,-6.6,0.0,0.0
6w4hpdbqt_Procarbazineconf4,-6.6,0.0,0.0
6w4hpdbqt_Procarbazineconf5,-6.6,0.0,0.0
6w4hpdbqt_Procarbazineconf6,-6.5,0.0,0.0
6w4hpdbqt_Procarbazineconf7,-6.7,0.0,0.0
6w4hpdbqt_Procarbazineconf8,-6.6,0.0,0.0
6w4hpdbqt_Protokylolconf1,-7.9,0.0,0.0
6w4hpdbqt_Protokylolconf10,-7.9,0.0,0.0
6w4hpdbqt_Protokylolconf11,-8.0,0.0,0.0
6w4hpdbqt_Protokylolconf12,-7.8,0.0,0.0
6w4hpdbqt_Protokylolconf13,-7.9,0.0,0.0
6w4hpdbqt_Protokylolconf14,-8.1,0.0,0.0
6w4hpdbqt_Protokylolconf15,-8.0,0.0,0.0
6w4hpdbqt_Protokylolconf16,-7.9,0.0,0.0
6w4hpdbqt_Protokylolconf17,-7.8,0.0,0.0
6w4hpdbqt_Protokylolconf18,-7.7,0.0,0.0
6w4hpdbqt_Protokylolconf19,-8.0,0.0,0.0
6w4hpdbqt_Protokylolconf2,-7.9,0.0,0.0
6w4hpdbqt_Protokylolconf20,-8.0,0.0,0.0
6w4hpdbqt_Protokylolconf21,-8.0,0.0,0.0
6w4hpdbqt_Protokylolconf22,-7.9,0.0,0.0
6w4hpdbqt_Protokylolconf23,-8.1,0.0,0.0
6w4hpdbqt_Protokylolconf24,-8.4,0.0,0.0
6w4hpdbqt_Protokylolconf25,-7.6,0.0,0.0
6w4hpdbqt_Protokylolconf26,-7.8,0.0,0.0
6w4hpdbqt_Protokylolconf27,-7.8,0.0,0.0
6w4hpdbqt_Protokylolconf28,-7.9,0.0,0.0
6w4hpdbqt_Protokylolconf29,-8.1,0.0,0.0
6w4hpdbqt_Protokylolconf3,-7.9,0.0,0.0
6w4hpdbqt_Protokylolconf30,-7.9,0.0,0.0
6w4hpdbqt_Protokylolconf31,-7.7,0.0,0.0
6w4hpdbqt_Protokylolconf32,-7.8,0.0,0.0
6w4hpdbqt_Protokylolconf33,-7.7,0.0,0.0
6w4hpdbqt_Protokylolconf34,-7.9,0.0,0.0
6w4hpdbqt_Protokylolconf35,-8.1,0.0,0.0
6w4hpdbqt_Protokylolconf36,-7.8,0.0,0.0
6w4hpdbqt_Protokylolconf37,-7.9,0.0,0.0
6w4hpdbqt_Protokylolconf38,-7.9,0.0,0.0
6w4hpdbqt_Protokylolconf39,-8.0,0.0,0.0
6w4hpdbqt_Protokylolconf4,-7.8,0.0,0.0
6w4hpdbqt_Protokylolconf40,-7.9,0.0,0.0
6w4hpdbqt_Protokylolconf41,-8.0,0.0,0.0
6w4hpdbqt_Protokylolconf42,-7.9,0.0,0.0
6w4hpdbqt_Protokylolconf43,-8.1,0.0,0.0
6w4hpdbqt_Protokylolconf44,-7.9,0.0,0.0
6w4hpdbqt_Protokylolconf45,-7.8,0.0,0.0
6w4hpdbqt_Protokylolconf46,-7.9,0.0,0.0
6w4hpdbqt_Protokylolconf47,-8.0,0.0,0.0
6w4hpdbqt_Protokylolconf48,-7.9,0.0,0.0
6w4hpdbqt_Protokylolconf49,-8.0,0.0,0.0
6w4hpdbqt_Protokylolconf5,-7.8,0.0,0.0
6w4hpdbqt_Protokylolconf50,-7.8,0.0,0.0
6w4hpdbqt_Protokylolconf51,-8.0,0.0,0.0
6w4hpdbqt_Protokylolconf52,-6.9,0.0,0.0
6w4hpdbqt_Protokylolconf53,-7.9,0.0,0.0
6w4hpdbqt_Protokylolconf54,-7.7,0.0,0.0
6w4hpdbqt_Protokylolconf55,-8.1,0.0,0.0
6w4hpdbqt_Protokylolconf56,-7.8,0.0,0.0
6w4hpdbqt_Protokylolconf57,-8.0,0.0,0.0
6w4hpdbqt_Protokylolconf58,-7.9,0.0,0.0
6w4hpdbqt_Protokylolconf59,-7.9,0.0,0.0
6w4hpdbqt_Protokylolconf6,-7.8,0.0,0.0
6w4hpdbqt_Protokylolconf60,-7.8,0.0,0.0
6w4hpdbqt_Protokylolconf61,-8.0,0.0,0.0
6w4hpdbqt_Protokylolconf62,-7.8,0.0,0.0
6w4hpdbqt_Protokylolconf63,-7.8,0.0,0.0
6w4hpdbqt_Protokylolconf64,-7.8,0.0,0.0
6w4hpdbqt_Protokylolconf7,-8.5,0.0,0.0
6w4hpdbqt_Protokylolconf8,-8.3,0.0,0.0
6w4hpdbqt_Protokylolconf9,-7.9,0.0,0.0
6w4hpdbqt_Rabeprazoleconf1,-7.0,0.0,0.0
6w4hpdbqt_Rabeprazoleconf10,-6.7,0.0,0.0
6w4hpdbqt_Rabeprazoleconf11,-7.1,0.0,0.0
6w4hpdbqt_Rabeprazoleconf12,-6.7,0.0,0.0
6w4hpdbqt_Rabeprazoleconf13,-7.0,0.0,0.0
6w4hpdbqt_Rabeprazoleconf14,-6.7,0.0,0.0
6w4hpdbqt_Rabeprazoleconf15,-6.9,0.0,0.0
6w4hpdbqt_Rabeprazoleconf16,-6.7,0.0,0.0
6w4hpdbqt_Rabeprazoleconf2,-6.6,0.0,0.0
6w4hpdbqt_Rabeprazoleconf3,-7.1,0.0,0.0
6w4hpdbqt_Rabeprazoleconf4,-6.8,0.0,0.0
6w4hpdbqt_Rabeprazoleconf5,-6.9,0.0,0.0
6w4hpdbqt_Rabeprazoleconf6,-6.9,0.0,0.0
6w4hpdbqt_Rabeprazoleconf7,-7.3,0.0,0.0
6w4hpdbqt_Rabeprazoleconf8,-6.8,0.0,0.0
6w4hpdbqt_Rabeprazoleconf9,-6.8,0.0,0.0
6w4hpdbqt_Regadenosonconf1,-8.1,0.0,0.0
6w4hpdbqt_Regadenosonconf10,-8.8,0.0,0.0
6w4hpdbqt_Regadenosonconf11,-8.7,0.0,0.0
6w4hpdbqt_Regadenosonconf12,-8.9,0.0,0.0
6w4hpdbqt_Regadenosonconf2,-7.9,0.0,0.0
6w4hpdbqt_Regadenosonconf3,-8.2,0.0,0.0
6w4hpdbqt_Regadenosonconf4,-8.2,0.0,0.0
6w4hpdbqt_Regadenosonconf5,-8.4,0.0,0.0
6w4hpdbqt_Regadenosonconf6,-8.8,0.0,0.0
6w4hpdbqt_Regadenosonconf7,-8.5,0.0,0.0
6w4hpdbqt_Regadenosonconf8,-9.0,0.0,0.0
6w4hpdbqt_Regadenosonconf9,-8.4,0.0,0.0
6w4hpdbqt_Regorafenibconf1,-8.8,0.0,0.0
6w4hpdbqt_Regorafenibconf2,-9.0,0.0,0.0
6w4hpdbqt_Regorafenibconf3,-9.1,0.0,0.0
6w4hpdbqt_Regorafenibconf4,-8.8,0.0,0.0
6w4hpdbqt_Regorafenibconf5,-8.8,0.0,0.0
6w4hpdbqt_Regorafenibconf6,-8.8,0.0,0.0
6w4hpdbqt_Regorafenibconf7,-8.8,0.0,0.0
6w4hpdbqt_Regorafenibconf8,-9.5,0.0,0.0
6w4hpdbqt_Ribavirinconf1,-6.9,0.0,0.0
6w4hpdbqt_Ribavirinconf2,-7.4,0.0,0.0
6w4hpdbqt_Ribavirinconf3,-7.3,0.0,0.0
6w4hpdbqt_Ribavirinconf4,-7.1,0.0,0.0
6w4hpdbqt_Ribavirinconf5,-7.5,0.0,0.0
6w4hpdbqt_Ribavirinconf6,-7.5,0.0,0.0
6w4hpdbqt_Ribavirinconf7,-7.5,0.0,0.0
6w4hpdbqt_Ribostamycinconf1,-7.7,0.0,0.0
6w4hpdbqt_Ribostamycinconf10,-6.8,0.0,0.0
6w4hpdbqt_Ribostamycinconf2,-7.5,0.0,0.0
6w4hpdbqt_Ribostamycinconf3,-7.8,0.0,0.0
6w4hpdbqt_Ribostamycinconf4,-6.9,0.0,0.0
6w4hpdbqt_Ribostamycinconf5,-7.5,0.0,0.0
6w4hpdbqt_Ribostamycinconf6,-7.2,0.0,0.0
6w4hpdbqt_Ribostamycinconf7,-7.5,0.0,0.0
6w4hpdbqt_Ribostamycinconf8,-7.5,0.0,0.0
6w4hpdbqt_Ribostamycinconf9,-7.6,0.0,0.0
6w4hpdbqt_Ritiometanconf1,-5.2,0.0,0.0
6w4hpdbqt_Ritiometanconf10,-5.6,0.0,0.0
6w4hpdbqt_Ritiometanconf11,-5.5,0.0,0.0
6w4hpdbqt_Ritiometanconf12,-5.8,0.0,0.0
6w4hpdbqt_Ritiometanconf13,-5.4,0.0,0.0
6w4hpdbqt_Ritiometanconf14,-5.6,0.0,0.0
6w4hpdbqt_Ritiometanconf15,-5.5,0.0,0.0
6w4hpdbqt_Ritiometanconf16,-5.4,0.0,0.0
6w4hpdbqt_Ritiometanconf2,-5.5,0.0,0.0
6w4hpdbqt_Ritiometanconf3,-5.6,0.0,0.0
6w4hpdbqt_Ritiometanconf4,-5.6,0.0,0.0
6w4hpdbqt_Ritiometanconf5,-5.3,0.0,0.0
6w4hpdbqt_Ritiometanconf6,-5.3,0.0,0.0
6w4hpdbqt_Ritiometanconf7,-5.6,0.0,0.0
6w4hpdbqt_Ritiometanconf8,-5.4,0.0,0.0
6w4hpdbqt_Ritiometanconf9,-5.5,0.0,0.0
6w4hpdbqt_Rutinconf1,-9.0,0.0,0.0
6w4hpdbqt_Rutinconf2,-9.0,0.0,0.0
6w4hpdbqt_Rutinconf3,-8.8,0.0,0.0
6w4hpdbqt_Rutinconf4,-9.0,0.0,0.0
6w4hpdbqt_Rutinconf5,-9.0,0.0,0.0
6w4hpdbqt_Rutinconf6,-9.0,0.0,0.0
6w4hpdbqt_Rutinconf7,-8.9,0.0,0.0
6w4hpdbqt_Safinamideconf1,-7.8,0.0,0.0
6w4hpdbqt_Safinamideconf2,-7.6,0.0,0.0
6w4hpdbqt_Safinamideconf3,-8.3,0.0,0.0
6w4hpdbqt_Safinamideconf4,-8.3,0.0,0.0
6w4hpdbqt_Safinamideconf5,-8.3,0.0,0.0
6w4hpdbqt_Salbutamolconf1,-6.7,0.0,0.0
6w4hpdbqt_Salbutamolconf2,-6.7,0.0,0.0
6w4hpdbqt_Salbutamolconf3,-6.7,0.0,0.0
6w4hpdbqt_Salbutamolconf4,-6.7,0.0,0.0
6w4hpdbqt_Sotalolconf1,-6.2,0.0,0.0
6w4hpdbqt_Sotalolconf10,-7.0,0.0,0.0
6w4hpdbqt_Sotalolconf11,-6.3,0.0,0.0
6w4hpdbqt_Sotalolconf12,-6.3,0.0,0.0
6w4hpdbqt_Sotalolconf13,-6.3,0.0,0.0
6w4hpdbqt_Sotalolconf14,-7.0,0.0,0.0
6w4hpdbqt_Sotalolconf15,-6.3,0.0,0.0
6w4hpdbqt_Sotalolconf16,-6.6,0.0,0.0
6w4hpdbqt_Sotalolconf17,-6.4,0.0,0.0
6w4hpdbqt_Sotalolconf18,-6.8,0.0,0.0
6w4hpdbqt_Sotalolconf19,-6.3,0.0,0.0
6w4hpdbqt_Sotalolconf2,-6.8,0.0,0.0
6w4hpdbqt_Sotalolconf20,-6.5,0.0,0.0
6w4hpdbqt_Sotalolconf21,-6.4,0.0,0.0
6w4hpdbqt_Sotalolconf22,-6.4,0.0,0.0
6w4hpdbqt_Sotalolconf23,-6.3,0.0,0.0
6w4hpdbqt_Sotalolconf24,-6.9,0.0,0.0
6w4hpdbqt_Sotalolconf3,-6.2,0.0,0.0
6w4hpdbqt_Sotalolconf4,-6.8,0.0,0.0
6w4hpdbqt_Sotalolconf5,-6.6,0.0,0.0
6w4hpdbqt_Sotalolconf6,-6.8,0.0,0.0
6w4hpdbqt_Sotalolconf7,-6.5,0.0,0.0
6w4hpdbqt_Sotalolconf8,-7.0,0.0,0.0
6w4hpdbqt_Sotalolconf9,-6.6,0.0,0.0
6w4hpdbqt_Sulfamethizoleconf1,-7.2,0.0,0.0
6w4hpdbqt_Sulfamethizoleconf2,-7.2,0.0,0.0
6w4hpdbqt_Sulfamethizoleconf3,-7.0,0.0,0.0
6w4hpdbqt_Sulfamethizoleconf4,-7.1,0.0,0.0
6w4hpdbqt_Sulfametopyrazineconf1,-6.5,0.0,0.0
6w4hpdbqt_Sulfametopyrazineconf2,-7.2,0.0,0.0
6w4hpdbqt_Sulfametopyrazineconf3,-6.8,0.0,0.0
6w4hpdbqt_Sulfametopyrazineconf4,-6.7,0.0,0.0
6w4hpdbqt_Sulfoxoneconf1,-7.9,0.0,0.0
6w4hpdbqt_Sulfoxoneconf10,-8.2,0.0,0.0
6w4hpdbqt_Sulfoxoneconf11,-7.7,0.0,0.0
6w4hpdbqt_Sulfoxoneconf12,-8.1,0.0,0.0
6w4hpdbqt_Sulfoxoneconf13,-7.8,0.0,0.0
6w4hpdbqt_Sulfoxoneconf14,-8.1,0.0,0.0
6w4hpdbqt_Sulfoxoneconf15,-8.2,0.0,0.0
6w4hpdbqt_Sulfoxoneconf16,-7.8,0.0,0.0
6w4hpdbqt_Sulfoxoneconf17,-8.0,0.0,0.0
6w4hpdbqt_Sulfoxoneconf18,-7.9,0.0,0.0
6w4hpdbqt_Sulfoxoneconf2,-8.5,0.0,0.0
6w4hpdbqt_Sulfoxoneconf3,-7.8,0.0,0.0
6w4hpdbqt_Sulfoxoneconf4,-8.0,0.0,0.0
6w4hpdbqt_Sulfoxoneconf5,-7.7,0.0,0.0
6w4hpdbqt_Sulfoxoneconf6,-8.4,0.0,0.0
6w4hpdbqt_Sulfoxoneconf7,-7.5,0.0,0.0
6w4hpdbqt_Sulfoxoneconf8,-7.8,0.0,0.0
6w4hpdbqt_Sulfoxoneconf9,-8.0,0.0,0.0
6w4hpdbqt_Taurolidineconf1,-7.2,0.0,0.0
6w4hpdbqt_Taurolidineconf2,-7.3,0.0,0.0
6w4hpdbqt_Taurolidineconf3,-7.3,0.0,0.0
6w4hpdbqt_Taurolidineconf4,-7.2,0.0,0.0
6w4hpdbqt_Taurolidineconf5,-7.2,0.0,0.0
6w4hpdbqt_Taurolidineconf6,-7.3,0.0,0.0
6w4hpdbqt_Taurolidineconf7,-7.3,0.0,0.0
6w4hpdbqt_Terbutalineconf1,-7.1,0.0,0.0
6w4hpdbqt_Terbutalineconf2,-7.1,0.0,0.0
6w4hpdbqt_Terbutalineconf3,-6.7,0.0,0.0
6w4hpdbqt_Terbutalineconf4,-6.8,0.0,0.0
6w4hpdbqt_Tetracaineconf1,-6.4,0.0,0.0
6w4hpdbqt_Tetracaineconf2,-6.1,0.0,0.0
6w4hpdbqt_Tetracaineconf3,-5.8,0.0,0.0
6w4hpdbqt_Tetracaineconf4,-6.3,0.0,0.0
6w4hpdbqt_Tetracaineconf5,-5.6,0.0,0.0
6w4hpdbqt_Timololconf1,-6.2,0.0,0.0
6w4hpdbqt_Timololconf10,-6.0,0.0,0.0
6w4hpdbqt_Timololconf11,-6.5,0.0,0.0
6w4hpdbqt_Timololconf2,-6.0,0.0,0.0
6w4hpdbqt_Timololconf3,-6.0,0.0,0.0
6w4hpdbqt_Timololconf4,-6.4,0.0,0.0
6w4hpdbqt_Timololconf5,-5.9,0.0,0.0
6w4hpdbqt_Timololconf6,-6.6,0.0,0.0
6w4hpdbqt_Timololconf7,-6.2,0.0,0.0
6w4hpdbqt_Timololconf8,-6.4,0.0,0.0
6w4hpdbqt_Timololconf9,-6.3,0.0,0.0
6w4hpdbqt_Trimetrexateconf1,-8.8,0.0,0.0
6w4hpdbqt_Trimetrexateconf10,-8.8,0.0,0.0
6w4hpdbqt_Trimetrexateconf11,-8.8,0.0,0.0
6w4hpdbqt_Trimetrexateconf2,-8.2,0.0,0.0
6w4hpdbqt_Trimetrexateconf3,-8.6,0.0,0.0
6w4hpdbqt_Trimetrexateconf4,-8.8,0.0,0.0
6w4hpdbqt_Trimetrexateconf5,-8.7,0.0,0.0
6w4hpdbqt_Trimetrexateconf6,-8.8,0.0,0.0
6w4hpdbqt_Trimetrexateconf7,-8.6,0.0,0.0
6w4hpdbqt_Trimetrexateconf8,-8.9,0.0,0.0
6w4hpdbqt_Trimetrexateconf9,-8.8,0.0,0.0
6w4hpdbqt_Valganciclovirconf1,-7.5,0.0,0.0
6w4hpdbqt_Valganciclovirconf10,-6.8,0.0,0.0
6w4hpdbqt_Valganciclovirconf11,-7.5,0.0,0.0
6w4hpdbqt_Valganciclovirconf12,-7.5,0.0,0.0
6w4hpdbqt_Valganciclovirconf13,-7.5,0.0,0.0
6w4hpdbqt_Valganciclovirconf14,-7.4,0.0,0.0
6w4hpdbqt_Valganciclovirconf15,-7.1,0.0,0.0
6w4hpdbqt_Valganciclovirconf16,-7.7,0.0,0.0
6w4hpdbqt_Valganciclovirconf17,-7.2,0.0,0.0
6w4hpdbqt_Valganciclovirconf18,-7.5,0.0,0.0
6w4hpdbqt_Valganciclovirconf19,-7.3,0.0,0.0
6w4hpdbqt_Valganciclovirconf2,-7.8,0.0,0.0
6w4hpdbqt_Valganciclovirconf20,-7.6,0.0,0.0
6w4hpdbqt_Valganciclovirconf21,-6.7,0.0,0.0
6w4hpdbqt_Valganciclovirconf22,-7.3,0.0,0.0
6w4hpdbqt_Valganciclovirconf23,-7.6,0.0,0.0
6w4hpdbqt_Valganciclovirconf24,-7.7,0.0,0.0
6w4hpdbqt_Valganciclovirconf25,-7.4,0.0,0.0
6w4hpdbqt_Valganciclovirconf26,-7.7,0.0,0.0
6w4hpdbqt_Valganciclovirconf27,-7.3,0.0,0.0
6w4hpdbqt_Valganciclovirconf28,-7.5,0.0,0.0
6w4hpdbqt_Valganciclovirconf29,-7.1,0.0,0.0
6w4hpdbqt_Valganciclovirconf3,-7.3,0.0,0.0
6w4hpdbqt_Valganciclovirconf30,-7.3,0.0,0.0
6w4hpdbqt_Valganciclovirconf31,-7.6,0.0,0.0
6w4hpdbqt_Valganciclovirconf32,-7.5,0.0,0.0
6w4hpdbqt_Valganciclovirconf4,-7.2,0.0,0.0
6w4hpdbqt_Valganciclovirconf5,-7.1,0.0,0.0
6w4hpdbqt_Valganciclovirconf6,-7.0,0.0,0.0
6w4hpdbqt_Valganciclovirconf7,-7.7,0.0,0.0
6w4hpdbqt_Valganciclovirconf8,-7.5,0.0,0.0
6w4hpdbqt_Valganciclovirconf9,-7.6,0.0,0.0
6w4hpdbqt_Vorinostatconf1,-6.7,0.0,0.0
6w4hpdbqt_Vorinostatconf10,-6.9,0.0,0.0
6w4hpdbqt_Vorinostatconf2,-6.9,0.0,0.0
6w4hpdbqt_Vorinostatconf3,-7.5,0.0,0.0
6w4hpdbqt_Vorinostatconf4,-7.3,0.0,0.0
6w4hpdbqt_Vorinostatconf5,-7.3,0.0,0.0
6w4hpdbqt_Vorinostatconf6,-7.2,0.0,0.0
6w4hpdbqt_Vorinostatconf7,-7.1,0.0,0.0
6w4hpdbqt_Vorinostatconf8,-6.9,0.0,0.0
6w4hpdbqt_Vorinostatconf9,-7.1,0.0,0.0
6w4hpdbqt_Zanamivirconf1,-7.4,0.0,0.0
6w4hpdbqt_Zanamivirconf2,-7.0,0.0,0.0
6w4hpdbqt_Zanamivirconf3,-7.5,0.0,0.0
6w4hpdbqt_Zanamivirconf4,-7.7,0.0,0.0
6w4hpdbqt_Zanamivirconf5,-7.8,0.0,0.0
6w4hpdbqt_Zanamivirconf6,-7.3,0.0,0.0
6w4hpdbqt_Zanamivirconf7,-7.5,0.0,0.0
6w4hpdbqt_Zanamivirconf8,-7.3,0.0,0.0
